model,task,trial,job,status,raw_r2,clipped_r2,uses_interpolator,uses_poly_fit,n_numeric_literals,law_bytes,cost_usd,n_output_tokens
haiku-4.5,Biology_gen5_v4,Biology_gen5_v4__CdnYdVZ,b828_haiku45,scored,-1.918415,-1.0,False,False,16,2814,0.2689649,21035
haiku-4.5,Biology_gen5_v4,Biology_gen5_v4__J25T62h,b828_haiku45,scored,-2.714822,-1.0,False,False,6,1486,0.10742135000000001,8993
haiku-4.5,Biology_gen5_v4,Biology_gen5_v4__gpkQCiU,b828_haiku45,scored,-2.708872,-1.0,False,False,10,1141,0.20949955,16466
opus-4.8,Biology_gen5_v4,Biology_gen5_v4__YNvV4Av,b828_opus48,scored,-0.278241,-0.278241,False,False,10,2187,0.8415567499999999,16587
opus-4.8,Biology_gen5_v4,Biology_gen5_v4__qiEBEVX,b828_opus48,scored,0.750308,0.750308,False,False,11,1208,0.87617975,15348
opus-4.8,Biology_gen5_v4,Biology_gen5_v4__sDJFErR,b828_opus48,scored,0.884726,0.884726,False,False,10,1592,0.8997809999999999,14460
haiku-4.5,Economy_gen5_v4,Economy_gen5_v4__45Z2u8J,b828_haiku45,scored,0.732784,0.732784,False,False,56,3263,0.10469824999999999,7669
haiku-4.5,Economy_gen5_v4,Economy_gen5_v4__PF9qG3U,b828_haiku45,scored,0.595472,0.595472,False,False,12,1399,0.19156659999999998,12900
haiku-4.5,Economy_gen5_v4,Economy_gen5_v4__imj4AEL,b828_haiku45,scored,-0.448471,-0.448471,False,False,21,1790,0.10748305000000001,7893
opus-4.8,Economy_gen5_v4,Economy_gen5_v4__XCKnPyv,b828_opus48,scored,0.746063,0.746063,False,False,12,1360,1.2935027499999998,25353
opus-4.8,Economy_gen5_v4,Economy_gen5_v4__Y6zHQwF,b828_opus48,scored,0.798136,0.798136,False,False,10,1434,2.6147755,51919
opus-4.8,Economy_gen5_v4,Economy_gen5_v4__oCXCGAg,b828_opus48,scored,0.816351,0.816351,False,False,15,2157,1.709348,32090
haiku-4.5,PSEv4_m1_biology_0_004_gen5,PSEv4_m1_biology_0_004_gen5__4rKgdrz,b828_haiku45,scored,-0.376426,-0.376426,False,False,6,938,0.4542543000000001,17199
haiku-4.5,PSEv4_m1_biology_0_004_gen5,PSEv4_m1_biology_0_004_gen5__GaAJJSB,b828_haiku45,scored,-0.580453,-0.580453,False,False,10,1035,0.20136505000000002,8259
haiku-4.5,PSEv4_m1_biology_0_004_gen5,PSEv4_m1_biology_0_004_gen5__syposcW,b828_haiku45,scored,-0.350783,-0.350783,False,False,14,1240,0.23649119999999996,11944
opus-4.8,PSEv4_m1_biology_0_004_gen5,PSEv4_m1_biology_0_004_gen5__EnDhxZr,b828_opus48,scored,0.995692,0.995692,False,False,22,2716,3.830174,67939
opus-4.8,PSEv4_m1_biology_0_004_gen5,PSEv4_m1_biology_0_004_gen5__QbDkCyr,b828_opus48,scored,-0.261488,-0.261488,False,False,6,1021,0.71998575,13309
opus-4.8,PSEv4_m1_biology_0_004_gen5,PSEv4_m1_biology_0_004_gen5__qqNBJMz,b828_opus48,scored,0.994476,0.994476,False,False,16,2438,1.6853492500000005,33539
haiku-4.5,PSEv4_nonlinear_cubic_oscillator,PSEv4_nonlinear_cubic_oscillator__8TBmtRW,b828_haiku45,scored,-250314622.7846,-1.0,False,False,20,1010,0.11006225,8478
haiku-4.5,PSEv4_nonlinear_cubic_oscillator,PSEv4_nonlinear_cubic_oscillator__r7V59ak,b828_haiku45,scored,-20775852.538717,-1.0,False,False,20,1975,0.08605615,6401
haiku-4.5,PSEv4_nonlinear_cubic_oscillator,PSEv4_nonlinear_cubic_oscillator__ziWeXP8,b828_haiku45,scored,-4678.220507,-1.0,False,False,9,921,0.1100158,8724
opus-4.8,PSEv4_nonlinear_cubic_oscillator,PSEv4_nonlinear_cubic_oscillator__5EmaZJK,b828_opus48,scored,1.0,1.0,False,False,3,1130,1.53852075,31167
opus-4.8,PSEv4_nonlinear_cubic_oscillator,PSEv4_nonlinear_cubic_oscillator__XjnCSdr,b828_opus48,scored,0.976717,0.976717,False,False,9,1324,1.5404787500000001,32366
opus-4.8,PSEv4_nonlinear_cubic_oscillator,PSEv4_nonlinear_cubic_oscillator__hdVzxGW,b828_opus48,scored,0.697219,0.697219,False,False,7,779,0.7575974999999999,13476
haiku-4.5,PSEv4_system_20260603_170953,PSEv4_system_20260603_170953__N5FPU6W,b828_haiku45,scored,0.931422,0.931422,False,False,21,1504,0.36015165000000005,18095
haiku-4.5,PSEv4_system_20260603_170953,PSEv4_system_20260603_170953__cnX9MFX,b828_haiku45,scored,0.985216,0.985216,False,False,16,1196,0.23923605,11608
haiku-4.5,PSEv4_system_20260603_170953,PSEv4_system_20260603_170953__rQvdA6V,b828_haiku45,scored,0.998931,0.998931,False,False,16,1411,0.26003485000000004,13247
opus-4.8,PSEv4_system_20260603_170953,PSEv4_system_20260603_170953__GEcWWDD,b828_opus48,scored,0.998694,0.998694,False,False,6,826,0.6264152499999999,11210
opus-4.8,PSEv4_system_20260603_170953,PSEv4_system_20260603_170953__HJv5TaC,b828_opus48,scored,0.99998,0.99998,False,False,7,1708,2.6659665,50811
opus-4.8,PSEv4_system_20260603_170953,PSEv4_system_20260603_170953__vYm6agD,b828_opus48,scored,0.99998,0.99998,False,False,7,1821,3.7636042500000007,71641
haiku-4.5,Physics_42_000_gen5_v4,Physics_42_000_gen5_v4__QEgEXnx,b828_haiku45,scored,0.655371,0.655371,False,False,4,887,0.50322225,13759
haiku-4.5,Physics_42_000_gen5_v4,Physics_42_000_gen5_v4__QziU2mU,b828_haiku45,scored,-7.813922,-1.0,False,False,4,888,0.0671631,5130
haiku-4.5,Physics_42_000_gen5_v4,Physics_42_000_gen5_v4__nqyGHBK,b828_haiku45,scored,0.958322,0.958322,False,False,7,942,0.20336239999999997,10072
opus-4.8,Physics_42_000_gen5_v4,Physics_42_000_gen5_v4__P7rGxTy,b828_opus48,scored,1.0,1.0,False,False,7,888,0.4888577499999999,9009
opus-4.8,Physics_42_000_gen5_v4,Physics_42_000_gen5_v4__n6ocbtH,b828_opus48,scored,1.0,1.0,False,False,7,1064,0.6252665,12882
opus-4.8,Physics_42_000_gen5_v4,Physics_42_000_gen5_v4__whJU8KE,b828_opus48,scored,0.994385,0.994385,False,False,3,905,1.7923157500000002,36710
haiku-4.5,SRBench0728_Mechanics_000_gen5,SRBench0728_Mechanics_000_gen5__c5iaKWi,b828_haiku45,scored,-2730.880009,-1.0,False,False,15,1768,0.09155995,7623
haiku-4.5,SRBench0728_Mechanics_000_gen5,SRBench0728_Mechanics_000_gen5__i4ndAty,b828_haiku45,scored,-455.860704,-1.0,False,False,15,2522,0.15514704999999998,12985
haiku-4.5,SRBench0728_Mechanics_000_gen5,SRBench0728_Mechanics_000_gen5__r4C28zC,b828_haiku45,scored,-1566.028755,-1.0,False,False,24,1813,0.12484105000000001,10523
opus-4.8,SRBench0728_Mechanics_000_gen5,SRBench0728_Mechanics_000_gen5__4UYHsKE,b828_opus48,scored,-6.765664,-1.0,False,False,8,2106,2.981318750000001,52950
opus-4.8,SRBench0728_Mechanics_000_gen5,SRBench0728_Mechanics_000_gen5__nXAKuKC,b828_opus48,scored,-4.293977,-1.0,False,False,5,1669,5.65414575,102537
opus-4.8,SRBench0728_Mechanics_000_gen5,SRBench0728_Mechanics_000_gen5__tkkS5pJ,b828_opus48,scored,-4.553631,-1.0,False,False,2,1516,5.263795500000001,89438
haiku-4.5,SRBench0728_Mechanics_001_gen12,SRBench0728_Mechanics_001_gen12__JbhuyQh,b828_haiku45,scored,0.999283,0.999283,False,False,10,639,0.19208214999999998,3587
haiku-4.5,SRBench0728_Mechanics_001_gen12,SRBench0728_Mechanics_001_gen12__wr4kmVN,b828_haiku45,scored,0.999695,0.999695,False,False,56,2878,0.22147305,12982
haiku-4.5,SRBench0728_Mechanics_001_gen12,SRBench0728_Mechanics_001_gen12__x7zsogv,b828_haiku45,scored,0.999286,0.999286,False,False,10,797,0.08377325000000001,5804
opus-4.8,SRBench0728_Mechanics_001_gen12,SRBench0728_Mechanics_001_gen12__5gjP7st,b828_opus48,scored,0.999996,0.999996,False,False,6,1106,0.50584025,8492
opus-4.8,SRBench0728_Mechanics_001_gen12,SRBench0728_Mechanics_001_gen12__XiaFXA7,b828_opus48,scored,0.999996,0.999996,False,False,7,1595,0.7055787499999999,12460
opus-4.8,SRBench0728_Mechanics_001_gen12,SRBench0728_Mechanics_001_gen12__kii6YVs,b828_opus48,scored,0.999998,0.999998,False,False,8,1758,0.87451675,15410
haiku-4.5,SRBench0728_Mechanics_002_gen15,SRBench0728_Mechanics_002_gen15__7bWjgHA,b828_haiku45,scored,0.929492,0.929492,False,False,15,1163,0.17465759999999997,12084
haiku-4.5,SRBench0728_Mechanics_002_gen15,SRBench0728_Mechanics_002_gen15__sBrKD5k,b828_haiku45,scored,0.97769,0.97769,False,False,35,2734,0.1974745,16058
haiku-4.5,SRBench0728_Mechanics_002_gen15,SRBench0728_Mechanics_002_gen15__woNf2Vi,b828_haiku45,scored,0.929492,0.929492,False,False,15,2051,0.1272356,10541
opus-4.8,SRBench0728_Mechanics_002_gen15,SRBench0728_Mechanics_002_gen15__5oAYMUB,b828_opus48,scored,0.999992,0.999992,False,False,0,1347,2.2579605,43647
opus-4.8,SRBench0728_Mechanics_002_gen15,SRBench0728_Mechanics_002_gen15__dGRZqdE,b828_opus48,scored,0.999992,0.999992,False,False,5,2050,3.3059845000000005,59489
opus-4.8,SRBench0728_Mechanics_002_gen15,SRBench0728_Mechanics_002_gen15__naWbZh5,b828_opus48,scored,0.999901,0.999901,False,False,2,1081,2.44781375,47207
haiku-4.5,SRBench0728_PopulationEcology_006_gen8,SRBench0728_PopulationEcology_00__9NqtsBY,b828_haiku45,scored,0.024105,0.024105,False,False,21,2369,0.12106445000000002,9642
haiku-4.5,SRBench0728_PopulationEcology_006_gen8,SRBench0728_PopulationEcology_00__Bppfc7g,b828_haiku45,scored,-0.996019,-0.996019,False,False,15,1936,0.2881463000000001,23594
haiku-4.5,SRBench0728_PopulationEcology_006_gen8,SRBench0728_PopulationEcology_00__J3VhGsN,b828_haiku45,scored,0.335346,0.335346,False,False,12,1951,0.35420574999999993,26232
opus-4.8,SRBench0728_PopulationEcology_006_gen8,SRBench0728_PopulationEcology_00__jahsoUZ,b828_opus48,scored,0.999641,0.999641,False,False,41,2674,1.7448747500000004,33544
opus-4.8,SRBench0728_PopulationEcology_006_gen8,SRBench0728_PopulationEcology_00__o7ew8Pm,b828_opus48,scored,0.999971,0.999971,False,False,48,3156,1.88959675,32998
opus-4.8,SRBench0728_PopulationEcology_006_gen8,SRBench0728_PopulationEcology_00__tJMXHd7,b828_opus48,scored,0.999897,0.999897,False,False,40,2095,1.4653502500000002,25038
haiku-4.5,SRBench0728_PopulationEcology_009_gen5,SRBench0728_PopulationEcology_00__8D7tWaS,b828_haiku45,scored,0.20682,0.20682,False,False,11,1336,0.15347245,13809
haiku-4.5,SRBench0728_PopulationEcology_009_gen5,SRBench0728_PopulationEcology_00__AfUPLUm,b828_haiku45_retry,scored,-13.971625,-1.0,False,False,10,1049,0.1782464,13431
haiku-4.5,SRBench0728_PopulationEcology_009_gen5,SRBench0728_PopulationEcology_00__ULFMC7z,b828_haiku45,NetworkConnectionError,,,,,,,,
haiku-4.5,SRBench0728_PopulationEcology_009_gen5,SRBench0728_PopulationEcology_00__x3XrQCQ,b828_haiku45,scored,-18.434553,-1.0,False,False,20,2830,0.2263371,14548
opus-4.8,SRBench0728_PopulationEcology_009_gen5,SRBench0728_PopulationEcology_00__CxBF3ki,b828_opus48,scored,0.218123,0.218123,False,False,1,1962,6.129601750000002,106101
opus-4.8,SRBench0728_PopulationEcology_009_gen5,SRBench0728_PopulationEcology_00__iwuQd6d,b828_opus48,scored,0.093168,0.093168,False,False,4,1710,2.4679402500000007,46216
opus-4.8,SRBench0728_PopulationEcology_009_gen5,SRBench0728_PopulationEcology_00__oJJWMdT,b828_opus48,scored,0.175203,0.175203,False,False,5,2295,3.896597250000001,66893
haiku-4.5,SRBench0826_ai_scaling_u_shape_000,SRBench0826_ai_scaling_u_shape_0__CvPtLN3,b828_haiku45,scored,1.0,1.0,False,False,32,1783,0.28909155,9080
haiku-4.5,SRBench0826_ai_scaling_u_shape_000,SRBench0826_ai_scaling_u_shape_0__pm889Qk,b828_haiku45,scored,0.732238,0.732238,False,False,5,714,0.19498385000000004,7181
haiku-4.5,SRBench0826_ai_scaling_u_shape_000,SRBench0826_ai_scaling_u_shape_0__wcLgNsM,b828_haiku45,scored,0.986781,0.986781,False,False,11,1473,0.22878769999999995,9896
opus-4.8,SRBench0826_ai_scaling_u_shape_000,SRBench0826_ai_scaling_u_shape_0__DHoxx8P,b828_opus48,scored,1.0,1.0,False,False,18,1582,1.3726162500000003,25384
opus-4.8,SRBench0826_ai_scaling_u_shape_000,SRBench0826_ai_scaling_u_shape_0__DKjcUBm,b828_opus48,scored,0.99999,0.99999,False,False,13,1262,1.4814737500000001,27318
opus-4.8,SRBench0826_ai_scaling_u_shape_000,SRBench0826_ai_scaling_u_shape_0__ki5xSiS,b828_opus48,scored,0.999969,0.999969,False,False,12,1357,1.3409512499999998,25116
haiku-4.5,SRBench0826_m2_cell_biology_and_signaling_0_000,SRBench0826_m2_cell_biology_and__KeCmeyz,b828_haiku45,scored,-2.014092,-1.0,False,False,8,1077,0.11945460000000002,9110
haiku-4.5,SRBench0826_m2_cell_biology_and_signaling_0_000,SRBench0826_m2_cell_biology_and__bQww7kf,b828_haiku45,scored,0.111109,0.111109,False,False,14,735,0.14552135,11129
haiku-4.5,SRBench0826_m2_cell_biology_and_signaling_0_000,SRBench0826_m2_cell_biology_and__f56xbry,b828_haiku45,scored,0.152204,0.152204,False,False,12,927,0.12000915,10068
opus-4.8,SRBench0826_m2_cell_biology_and_signaling_0_000,SRBench0826_m2_cell_biology_and__7JbyPGi,b828_opus48,scored,0.729896,0.729896,False,False,8,2921,3.2810565,66501
opus-4.8,SRBench0826_m2_cell_biology_and_signaling_0_000,SRBench0826_m2_cell_biology_and__BkbZRCN,b828_opus48,scored,0.98446,0.98446,False,False,3,1802,2.82246875,56472
opus-4.8,SRBench0826_m2_cell_biology_and_signaling_0_000,SRBench0826_m2_cell_biology_and__RmMPwgK,b828_opus48,scored,0.998732,0.998732,False,False,6,1936,3.1776815000000003,61688
haiku-4.5,SRBench0826_m2_classical_mechanics_0_001,SRBench0826_m2_classical_mechani__EvoANzP,b828_haiku45,scored,0.974199,0.974199,False,False,20,1214,0.12002689999999999,11010
haiku-4.5,SRBench0826_m2_classical_mechanics_0_001,SRBench0826_m2_classical_mechani__cAXyyEN,b828_haiku45,scored,-0.665576,-0.665576,False,False,16,1406,0.16770264999999998,15817
haiku-4.5,SRBench0826_m2_classical_mechanics_0_001,SRBench0826_m2_classical_mechani__zTDGDHr,b828_haiku45,scored,-0.079559,-0.079559,False,False,7,1064,0.12413565,10714
opus-4.8,SRBench0826_m2_classical_mechanics_0_001,SRBench0826_m2_classical_mechani__GQmb4zT,b828_opus48,scored,0.999997,0.999997,False,False,7,1793,1.56160075,33459
opus-4.8,SRBench0826_m2_classical_mechanics_0_001,SRBench0826_m2_classical_mechani__ZGL72i4,b828_opus48,scored,0.914361,0.914361,False,False,5,1790,2.4279430000000004,49142
opus-4.8,SRBench0826_m2_classical_mechanics_0_001,SRBench0826_m2_classical_mechani__sdU6FGe,b828_opus48,scored,0.987909,0.987909,False,False,5,1974,2.9131302500000005,55914
haiku-4.5,SRBench0826_m2_classical_mechanics_0_006,SRBench0826_m2_classical_mechani__RdiyEtt,b828_haiku45,scored,-0.34638,-0.34638,False,False,8,1618,0.190635,16738
haiku-4.5,SRBench0826_m2_classical_mechanics_0_006,SRBench0826_m2_classical_mechani__VsH6nxp,b828_haiku45,scored,0.813978,0.813978,False,False,10,1526,0.31227875,22133
haiku-4.5,SRBench0826_m2_classical_mechanics_0_006,SRBench0826_m2_classical_mechani__wsT32iF,b828_haiku45,scored,0.887143,0.887143,False,False,2,858,0.1499635,12694
opus-4.8,SRBench0826_m2_classical_mechanics_0_006,SRBench0826_m2_classical_mechani__THxCHG3,b828_opus48,scored,0.999988,0.999988,False,False,6,2345,5.914653749999999,108118
opus-4.8,SRBench0826_m2_classical_mechanics_0_006,SRBench0826_m2_classical_mechani__bDe4uCo,b828_opus48,scored,0.999898,0.999898,False,False,8,1852,5.806005999999999,92206
opus-4.8,SRBench0826_m2_classical_mechanics_0_006,SRBench0826_m2_classical_mechani__vyHEX3G,b828_opus48,scored,0.999988,0.999988,False,False,9,2761,4.653795249999998,82465
haiku-4.5,SRBench0826_m2_classical_mechanics_0_009,SRBench0826_m2_classical_mechani__aQVwL54,b828_haiku45,scored,0.999636,0.999636,False,False,17,1153,0.15560325000000003,13045
haiku-4.5,SRBench0826_m2_classical_mechanics_0_009,SRBench0826_m2_classical_mechani__eF9tzff,b828_haiku45,scored,0.973401,0.973401,False,False,17,1371,0.32745799999999997,26497
haiku-4.5,SRBench0826_m2_classical_mechanics_0_009,SRBench0826_m2_classical_mechani__eG29iDY,b828_haiku45,scored,0.707009,0.707009,False,False,17,1181,0.19340675000000002,15919
opus-4.8,SRBench0826_m2_classical_mechanics_0_009,SRBench0826_m2_classical_mechani__M8nTc6J,b828_opus48,scored,1.0,1.0,False,False,0,970,3.48069225,59869
opus-4.8,SRBench0826_m2_classical_mechanics_0_009,SRBench0826_m2_classical_mechani__MsTVyG4,b828_opus48,scored,0.999676,0.999676,False,False,21,3871,3.9079144999999995,66648
opus-4.8,SRBench0826_m2_classical_mechanics_0_009,SRBench0826_m2_classical_mechani__QtEcjLc,b828_opus48,scored,0.999886,0.999886,False,False,8,2562,5.437118250000001,87753
haiku-4.5,SRBench0826_m2_enzyme_kinetics_and_biochemistry_0_005,SRBench0826_m2_enzyme_kinetics_a__RB56yrc,b828_haiku45,scored,0.843557,0.843557,False,False,10,1360,0.11472270000000001,8205
haiku-4.5,SRBench0826_m2_enzyme_kinetics_and_biochemistry_0_005,SRBench0826_m2_enzyme_kinetics_a__W3tbNuv,b828_haiku45,scored,0.936836,0.936836,False,False,10,1135,0.1378098,10656
haiku-4.5,SRBench0826_m2_enzyme_kinetics_and_biochemistry_0_005,SRBench0826_m2_enzyme_kinetics_a__Yjqwp63,b828_haiku45,scored,0.995159,0.995159,False,False,6,860,0.1356002,11748
opus-4.8,SRBench0826_m2_enzyme_kinetics_and_biochemistry_0_005,SRBench0826_m2_enzyme_kinetics_a__HX9qX5S,b828_opus48,scored,1.0,1.0,False,False,0,2278,2.5115935,48258
opus-4.8,SRBench0826_m2_enzyme_kinetics_and_biochemistry_0_005,SRBench0826_m2_enzyme_kinetics_a__TCu938D,b828_opus48,scored,0.998274,0.998274,False,False,16,2211,2.7909474999999992,54065
opus-4.8,SRBench0826_m2_enzyme_kinetics_and_biochemistry_0_005,SRBench0826_m2_enzyme_kinetics_a__dgHDjNf,b828_opus48,scored,0.874217,0.874217,False,False,3,1484,2.9078375,54993
haiku-4.5,SRBench0826_m2_epidemiology_and_disease_dynamics_0_000,SRBench0826_m2_epidemiology_and__BXHGzww,b828_haiku45,scored,-5.126153,-1.0,False,False,12,1115,0.20431305000000002,18190
haiku-4.5,SRBench0826_m2_epidemiology_and_disease_dynamics_0_000,SRBench0826_m2_epidemiology_and__eogZqDK,b828_haiku45,scored,-457.434047,-1.0,False,False,8,1231,0.19588905,16124
haiku-4.5,SRBench0826_m2_epidemiology_and_disease_dynamics_0_000,SRBench0826_m2_epidemiology_and__utu3mDy,b828_haiku45,scored,-14.997827,-1.0,False,False,10,1058,0.4624306499999999,20485
opus-4.8,SRBench0826_m2_epidemiology_and_disease_dynamics_0_000,SRBench0826_m2_epidemiology_and__BW5ALLs,b828_opus48,scored,0.976731,0.976731,False,False,6,2377,8.961324000000003,151164
opus-4.8,SRBench0826_m2_epidemiology_and_disease_dynamics_0_000,SRBench0826_m2_epidemiology_and__PZFRgg4,b828_opus48,scored,0.94435,0.94435,False,False,9,2733,4.4731105,84272
opus-4.8,SRBench0826_m2_epidemiology_and_disease_dynamics_0_000,SRBench0826_m2_epidemiology_and__taeuyvZ,b828_opus48,scored,0.976731,0.976731,False,False,13,2464,5.149929,91281
haiku-4.5,SRBench0826_m2_epidemiology_and_disease_dynamics_0_005,SRBench0826_m2_epidemiology_and__LD9FTL6,b828_haiku45,scored,0.910735,0.910735,False,False,22,2022,0.3156032,6905
haiku-4.5,SRBench0826_m2_epidemiology_and_disease_dynamics_0_005,SRBench0826_m2_epidemiology_and__YE4VwKc,b828_haiku45,scored,0.971966,0.971966,False,False,8,1549,0.2912548000000001,22098
haiku-4.5,SRBench0826_m2_epidemiology_and_disease_dynamics_0_005,SRBench0826_m2_epidemiology_and__i33P9ot,b828_haiku45,scored,0.978358,0.978358,False,False,8,1555,0.14365120000000003,11475
opus-4.8,SRBench0826_m2_epidemiology_and_disease_dynamics_0_005,SRBench0826_m2_epidemiology_and__NhTZTbj,b828_opus48,scored,0.999952,0.999952,False,False,7,2088,2.8490397499999993,51897
opus-4.8,SRBench0826_m2_epidemiology_and_disease_dynamics_0_005,SRBench0826_m2_epidemiology_and__bE3Dh2N,b828_opus48,scored,0.999864,0.999864,False,False,8,2236,4.553728250000001,82437
opus-4.8,SRBench0826_m2_epidemiology_and_disease_dynamics_0_005,SRBench0826_m2_epidemiology_and__hvaHRZB,b828_opus48,scored,0.999909,0.999909,False,False,6,2546,5.23090925,89859
haiku-4.5,SRBench0826_m2_nuclear_and_particle_physics_0_001,SRBench0826_m2_nuclear_and_parti__UzW6ggx,b828_haiku45,scored,-63.624558,-1.0,False,False,8,878,0.0866032,6372
haiku-4.5,SRBench0826_m2_nuclear_and_particle_physics_0_001,SRBench0826_m2_nuclear_and_parti__VqXvKWY,b828_haiku45,scored,0.925741,0.925741,False,False,12,873,0.12128850000000001,10340
haiku-4.5,SRBench0826_m2_nuclear_and_particle_physics_0_001,SRBench0826_m2_nuclear_and_parti__iqjTRT8,b828_haiku45,scored,-31.044664,-1.0,False,False,9,1445,0.17771315000000001,15596
opus-4.8,SRBench0826_m2_nuclear_and_particle_physics_0_001,SRBench0826_m2_nuclear_and_parti__DUbZdhS,b828_opus48,scored,1.0,1.0,False,False,20,2979,4.473756749999999,81941
opus-4.8,SRBench0826_m2_nuclear_and_particle_physics_0_001,SRBench0826_m2_nuclear_and_parti__SC8wMBg,b828_opus48,scored,0.999971,0.999971,False,False,8,2331,7.28050775,129614
opus-4.8,SRBench0826_m2_nuclear_and_particle_physics_0_001,SRBench0826_m2_nuclear_and_parti__azMtrMK,b828_opus48,scored,0.999954,0.999954,False,False,12,3010,5.883242,113865
haiku-4.5,SRBench0826_m2_physiology_and_homeostasis_0_004,SRBench0826_m2_physiology_and_ho__P7RqxSU,b828_haiku45,scored,0.198154,0.198154,False,False,10,1065,0.10877655,8751
haiku-4.5,SRBench0826_m2_physiology_and_homeostasis_0_004,SRBench0826_m2_physiology_and_ho__rNh2w5E,b828_haiku45,scored,-0.242284,-0.242284,False,False,15,2051,0.11172015,7712
haiku-4.5,SRBench0826_m2_physiology_and_homeostasis_0_004,SRBench0826_m2_physiology_and_ho__vekE4bi,b828_haiku45,scored,-0.215638,-0.215638,False,False,14,869,0.11675139999999999,9468
opus-4.8,SRBench0826_m2_physiology_and_homeostasis_0_004,SRBench0826_m2_physiology_and_ho__Az4aRDn,b828_opus48,scored,0.999101,0.999101,False,False,27,3074,3.2723340000000007,64441
opus-4.8,SRBench0826_m2_physiology_and_homeostasis_0_004,SRBench0826_m2_physiology_and_ho__b53apdn,b828_opus48,scored,0.975991,0.975991,False,False,12,3153,3.2367127500000006,61470
opus-4.8,SRBench0826_m2_physiology_and_homeostasis_0_004,SRBench0826_m2_physiology_and_ho__mqjgxS2,b828_opus48,scored,0.999101,0.999101,False,False,21,2857,3.6212637500000002,70817
haiku-4.5,SRBench0826_m2_population_ecology_0_002,SRBench0826_m2_population_ecolog__38hqTmX,b828_haiku45,scored,0.988999,0.988999,False,False,12,1559,0.14110689999999998,12206
haiku-4.5,SRBench0826_m2_population_ecology_0_002,SRBench0826_m2_population_ecolog__3tnXTAi,b828_haiku45,scored,0.856396,0.856396,False,False,15,1771,0.1353438,10997
haiku-4.5,SRBench0826_m2_population_ecology_0_002,SRBench0826_m2_population_ecolog__5YTWQ9s,b828_haiku45,scored,0.991639,0.991639,False,False,10,1515,0.15259895,13402
opus-4.8,SRBench0826_m2_population_ecology_0_002,SRBench0826_m2_population_ecolog__2PuMya9,b828_opus48,scored,0.999949,0.999949,False,False,6,1402,0.6426915,12019
opus-4.8,SRBench0826_m2_population_ecology_0_002,SRBench0826_m2_population_ecolog__NmY9dcn,b828_opus48,scored,0.999949,0.999949,False,False,5,1311,0.9086005000000001,17363
opus-4.8,SRBench0826_m2_population_ecology_0_002,SRBench0826_m2_population_ecolog__tr8X7vd,b828_opus48,scored,0.999949,0.999949,False,False,10,1480,0.51612975,9344
haiku-4.5,SRBench0826_m2_population_ecology_0_004,SRBench0826_m2_population_ecolog__HgHwMKt,b828_haiku45,scored,0.996391,0.996391,False,False,10,1554,0.12526855,9822
haiku-4.5,SRBench0826_m2_population_ecology_0_004,SRBench0826_m2_population_ecolog__hLmCK3s,b828_haiku45,scored,-43.285012,-1.0,False,False,7,1026,0.08910675,7315
haiku-4.5,SRBench0826_m2_population_ecology_0_004,SRBench0826_m2_population_ecolog__sHuUfNv,b828_haiku45,scored,0.996399,0.996399,False,False,11,1385,0.13776335,11094
opus-4.8,SRBench0826_m2_population_ecology_0_004,SRBench0826_m2_population_ecolog__7fv6NYv,b828_opus48,scored,0.999975,0.999975,False,False,20,2426,3.277022250000001,63674
opus-4.8,SRBench0826_m2_population_ecology_0_004,SRBench0826_m2_population_ecolog__AjJqJ3D,b828_opus48,scored,0.999974,0.999974,False,False,58,2882,2.712465000000001,54990
opus-4.8,SRBench0826_m2_population_ecology_0_004,SRBench0826_m2_population_ecolog__fj9L4XC,b828_opus48,scored,0.971017,0.971017,False,False,6,1438,2.19238925,42930
haiku-4.5,SRBench0826_m2_quantum_mechanics_0_003,SRBench0826_m2_quantum_mechanics__3W7XwaD,b828_haiku45,scored,-243.895709,-1.0,False,False,5,872,0.1309046,10379
haiku-4.5,SRBench0826_m2_quantum_mechanics_0_003,SRBench0826_m2_quantum_mechanics__Xyz7DRF,b828_haiku45,scored,-65.210639,-1.0,False,False,12,1122,0.13601645,11266
haiku-4.5,SRBench0826_m2_quantum_mechanics_0_003,SRBench0826_m2_quantum_mechanics__odzwKv4,b828_haiku45,scored,-29.009738,-1.0,False,False,13,1149,0.14253514999999997,9392
opus-4.8,SRBench0826_m2_quantum_mechanics_0_003,SRBench0826_m2_quantum_mechanics__cTbQQe2,b828_opus48,scored,1.0,1.0,False,False,0,641,0.37858299999999995,6003
opus-4.8,SRBench0826_m2_quantum_mechanics_0_003,SRBench0826_m2_quantum_mechanics__py9zGhJ,b828_opus48,scored,1.0,1.0,False,False,0,874,0.33272375,5481
opus-4.8,SRBench0826_m2_quantum_mechanics_0_003,SRBench0826_m2_quantum_mechanics__ygP5hxC,b828_opus48,scored,1.0,1.0,False,False,0,1648,0.7555674999999998,13426
haiku-4.5,SRBench0826_m2_quantum_mechanics_0_007,SRBench0826_m2_quantum_mechanics__2wB6gLb,b828_haiku45,scored,1.0,1.0,False,False,0,707,0.17336929999999998,14516
haiku-4.5,SRBench0826_m2_quantum_mechanics_0_007,SRBench0826_m2_quantum_mechanics__FQMXY7P,b828_haiku45,scored,-2.763734,-1.0,False,False,6,1053,0.1594839,10853
haiku-4.5,SRBench0826_m2_quantum_mechanics_0_007,SRBench0826_m2_quantum_mechanics__MSL3oaW,b828_haiku45,scored,0.94158,0.94158,False,False,7,1104,0.30671889999999996,24484
opus-4.8,SRBench0826_m2_quantum_mechanics_0_007,SRBench0826_m2_quantum_mechanics__GDfFfRJ,b828_opus48,scored,1.0,1.0,False,False,0,1177,0.60618875,10705
opus-4.8,SRBench0826_m2_quantum_mechanics_0_007,SRBench0826_m2_quantum_mechanics__TeUGka4,b828_opus48,scored,1.0,1.0,False,False,0,1051,0.465083,7902
opus-4.8,SRBench0826_m2_quantum_mechanics_0_007,SRBench0826_m2_quantum_mechanics__WfXM2ju,b828_opus48,scored,1.0,1.0,False,False,0,1262,0.81707675,14949
